patient_id,n_slices,split
sub-strokecase0001,36,test
sub-strokecase0002,4,test
sub-strokecase0003,32,train
sub-strokecase0004,16,train
sub-strokecase0005,21,train
sub-strokecase0007,4,train
sub-strokecase0008,7,train
sub-strokecase0009,18,train
sub-strokecase0010,18,train
sub-strokecase0011,27,val
sub-strokecase0012,5,train
sub-strokecase0013,32,train
sub-strokecase0014,19,train
sub-strokecase0015,19,test
sub-strokecase0016,2,val
sub-strokecase0017,27,train
sub-strokecase0019,24,train
sub-strokecase0020,17,train
sub-strokecase0021,23,test
sub-strokecase0022,9,train
sub-strokecase0023,44,train
sub-strokecase0024,30,train
sub-strokecase0025,14,train
sub-strokecase0026,14,train
sub-strokecase0027,7,train
sub-strokecase0028,20,train
sub-strokecase0029,21,train
sub-strokecase0030,3,train
sub-strokecase0031,34,val
sub-strokecase0032,5,train
sub-strokecase0033,34,train
sub-strokecase0034,1,test
sub-strokecase0035,1,train
sub-strokecase0036,19,val
sub-strokecase0037,3,test
sub-strokecase0038,14,train
sub-strokecase0039,28,val
sub-strokecase0040,15,test
sub-strokecase0041,18,train
sub-strokecase0042,14,train
sub-strokecase0043,34,train
sub-strokecase0044,9,train
sub-strokecase0045,3,train
sub-strokecase0047,29,train
sub-strokecase0048,29,train
sub-strokecase0049,11,train
sub-strokecase0050,17,train
sub-strokecase0051,12,test
sub-strokecase0052,17,train
sub-strokecase0053,8,val
sub-strokecase0054,10,test
sub-strokecase0055,14,train
sub-strokecase0056,5,train
sub-strokecase0057,28,train
sub-strokecase0058,12,val
sub-strokecase0059,4,train
sub-strokecase0060,5,train
sub-strokecase0062,34,train
sub-strokecase0063,14,test
sub-strokecase0064,4,train
sub-strokecase0065,22,train
sub-strokecase0066,29,test
sub-strokecase0067,4,train
sub-strokecase0069,2,train
sub-strokecase0070,3,train
sub-strokecase0071,5,train
sub-strokecase0072,9,train
sub-strokecase0073,7,train
sub-strokecase0074,9,train
sub-strokecase0075,5,val
sub-strokecase0076,10,train
sub-strokecase0077,18,test
sub-strokecase0078,21,test
sub-strokecase0079,6,val
sub-strokecase0080,3,val
sub-strokecase0081,34,train
sub-strokecase0082,5,test
sub-strokecase0084,4,train
sub-strokecase0085,9,test
sub-strokecase0086,15,val
sub-strokecase0087,31,test
sub-strokecase0089,9,train
sub-strokecase0090,15,train
sub-strokecase0091,25,train
sub-strokecase0092,11,test
sub-strokecase0093,6,test
sub-strokecase0094,17,train
sub-strokecase0095,13,test
sub-strokecase0096,6,train
sub-strokecase0097,19,train
sub-strokecase0098,12,train
sub-strokecase0099,7,train
sub-strokecase0101,17,test
sub-strokecase0102,21,train
sub-strokecase0104,28,train
sub-strokecase0105,20,train
sub-strokecase0106,5,train
sub-strokecase0107,23,train
sub-strokecase0108,25,train
sub-strokecase0109,9,val
sub-strokecase0110,24,train
sub-strokecase0111,3,train
sub-strokecase0112,3,train
sub-strokecase0113,32,train
sub-strokecase0114,16,train
sub-strokecase0115,1,train
sub-strokecase0116,2,train
sub-strokecase0117,1,train
sub-strokecase0118,13,val
sub-strokecase0119,9,train
sub-strokecase0120,33,val
sub-strokecase0121,7,val
sub-strokecase0122,17,val
sub-strokecase0123,35,train
sub-strokecase0124,13,train
sub-strokecase0125,15,train
sub-strokecase0126,14,val
sub-strokecase0127,35,train
sub-strokecase0128,4,test
sub-strokecase0129,6,train
sub-strokecase0130,7,test
sub-strokecase0131,4,train
sub-strokecase0132,8,train
sub-strokecase0133,9,train
sub-strokecase0134,6,train
sub-strokecase0135,4,val
sub-strokecase0136,1,train
sub-strokecase0140,14,train
sub-strokecase0141,3,train
sub-strokecase0142,1,test
sub-strokecase0145,24,val
sub-strokecase0146,13,train
sub-strokecase0147,1,train
sub-strokecase0148,9,train
sub-strokecase0152,14,train
sub-strokecase0153,18,val
sub-strokecase0154,3,test
sub-strokecase0155,13,train
sub-strokecase0156,17,train
sub-strokecase0157,7,train
sub-strokecase0158,13,train
sub-strokecase0159,4,train
sub-strokecase0160,3,train
sub-strokecase0161,17,train
sub-strokecase0162,11,val
sub-strokecase0163,13,test
sub-strokecase0164,11,train
sub-strokecase0165,11,train
sub-strokecase0166,13,train
sub-strokecase0167,4,train
sub-strokecase0168,28,train
sub-strokecase0169,15,train
sub-strokecase0171,34,test
sub-strokecase0172,1,train
sub-strokecase0173,6,train
sub-strokecase0174,2,train
sub-strokecase0175,4,train
sub-strokecase0176,11,train
sub-strokecase0177,2,train
sub-strokecase0178,28,train
sub-strokecase0179,32,train
sub-strokecase0180,23,train
sub-strokecase0181,4,train
sub-strokecase0182,1,train
sub-strokecase0183,32,train
sub-strokecase0184,4,test
sub-strokecase0185,8,train
sub-strokecase0186,8,train
sub-strokecase0187,4,train
sub-strokecase0188,7,train
sub-strokecase0189,8,train
sub-strokecase0190,15,train
sub-strokecase0191,14,train
sub-strokecase0192,12,train
sub-strokecase0193,8,train
sub-strokecase0194,13,val
sub-strokecase0195,18,train
sub-strokecase0196,12,train
sub-strokecase0197,6,val
sub-strokecase0198,6,test
sub-strokecase0199,9,train
sub-strokecase0200,4,val
sub-strokecase0201,19,train
sub-strokecase0202,4,train
sub-strokecase0203,5,train
sub-strokecase0204,9,test
sub-strokecase0205,15,test
sub-strokecase0206,8,val
sub-strokecase0207,10,val
sub-strokecase0208,16,train
sub-strokecase0209,11,train
sub-strokecase0210,8,test
sub-strokecase0211,29,train
sub-strokecase0213,10,train
sub-strokecase0214,10,train
sub-strokecase0215,13,train
sub-strokecase0216,5,train
sub-strokecase0217,4,train
sub-strokecase0218,31,val
sub-strokecase0219,10,train
sub-strokecase0220,3,train
sub-strokecase0221,21,val
sub-strokecase0222,14,train
sub-strokecase0223,35,test
sub-strokecase0224,21,train
sub-strokecase0225,10,train
sub-strokecase0226,10,test
sub-strokecase0227,6,train
sub-strokecase0228,10,train
sub-strokecase0229,12,train
sub-strokecase0230,13,train
sub-strokecase0231,13,train
sub-strokecase0232,5,train
sub-strokecase0235,28,test
sub-strokecase0236,13,train
sub-strokecase0237,36,train
sub-strokecase0238,15,val
sub-strokecase0239,7,train
sub-strokecase0240,35,train
sub-strokecase0241,5,val
sub-strokecase0242,2,val
sub-strokecase0243,7,train
sub-strokecase0244,31,train
sub-strokecase0245,10,val
sub-strokecase0246,40,val
sub-strokecase0247,36,train
sub-strokecase0248,14,train
sub-strokecase0249,7,train
sub-strokecase0250,8,train
